source_csv,window_index,true_class,keras_pred,float_tflite_pred,int8_pred,keras_confidence,float_confidence,int8_confidence
mechanical_looseness_40_20260820_165705.csv,0,mechanical_looseness,mechanical_looseness,mechanical_looseness,mechanical_looseness,0.9783306121826172,0.9783306121826172,0.98046875
mechanical_looseness_40_20260820_165705.csv,1,mechanical_looseness,mechanical_looseness,mechanical_looseness,mechanical_looseness,0.9976412057876587,0.9976412057876587,0.99609375
mechanical_looseness_40_20260820_165705.csv,2,mechanical_looseness,mechanical_looseness,mechanical_looseness,mechanical_looseness,0.9999024868011475,0.9999024868011475,0.99609375
mechanical_looseness_40_20260820_165705.csv,3,mechanical_looseness,mechanical_looseness,mechanical_looseness,mechanical_looseness,0.9579857587814331,0.9579857587814331,0.95703125
mechanical_looseness_40_20260820_165705.csv,4,mechanical_looseness,mechanical_looseness,mechanical_looseness,mechanical_looseness,0.9995182752609253,0.9995182752609253,0.99609375
mechanical_looseness_40_20260820_165705.csv,5,mechanical_looseness,mechanical_looseness,mechanical_looseness,mechanical_looseness,0.9980365633964539,0.9980365633964539,0.99609375
mechanical_looseness_40_20260820_165705.csv,6,mechanical_looseness,mechanical_looseness,mechanical_looseness,mechanical_looseness,0.9995575547218323,0.9995575547218323,0.99609375
mechanical_looseness_40_20260820_165705.csv,7,mechanical_looseness,mechanical_looseness,mechanical_looseness,mechanical_looseness,0.9958239793777466,0.9958239793777466,0.99609375
mechanical_looseness_40_20260820_165705.csv,8,mechanical_looseness,mechanical_looseness,mechanical_looseness,mechanical_looseness,0.9979088306427002,0.9979088306427002,0.99609375
mechanical_looseness_40_20260820_165705.csv,9,mechanical_looseness,mechanical_looseness,mechanical_looseness,mechanical_looseness,0.9947583079338074,0.9947583079338074,0.99609375
mechanical_looseness_40_20260820_165705.csv,10,mechanical_looseness,mechanical_looseness,mechanical_looseness,mechanical_looseness,0.9981386661529541,0.9981386661529541,0.99609375
mechanical_looseness_40_20260820_165705.csv,11,mechanical_looseness,mechanical_looseness,mechanical_looseness,mechanical_looseness,0.9959188103675842,0.9959188103675842,0.99609375
mechanical_looseness_40_20260820_165705.csv,12,mechanical_looseness,mechanical_looseness,mechanical_looseness,mechanical_looseness,0.9981822967529297,0.9981822967529297,0.99609375
mechanical_looseness_40_20260820_165705.csv,13,mechanical_looseness,mechanical_looseness,mechanical_looseness,mechanical_looseness,0.9971089959144592,0.9971089959144592,0.99609375
mechanical_looseness_40_20260820_165705.csv,14,mechanical_looseness,mechanical_looseness,mechanical_looseness,mechanical_looseness,0.9995482563972473,0.9995482563972473,0.99609375
mechanical_looseness_40_20260820_165941.csv,0,mechanical_looseness,mechanical_looseness,mechanical_looseness,mechanical_looseness,0.9989035129547119,0.9989035129547119,0.99609375
mechanical_looseness_40_20260820_165941.csv,1,mechanical_looseness,mechanical_looseness,mechanical_looseness,mechanical_looseness,0.9973674416542053,0.9973674416542053,0.99609375
mechanical_looseness_40_20260820_165941.csv,2,mechanical_looseness,mechanical_looseness,mechanical_looseness,mechanical_looseness,0.9986380934715271,0.9986380934715271,0.99609375
mechanical_looseness_40_20260820_165941.csv,3,mechanical_looseness,mechanical_looseness,mechanical_looseness,mechanical_looseness,0.9971824884414673,0.9971824884414673,0.99609375
mechanical_looseness_40_20260820_165941.csv,4,mechanical_looseness,mechanical_looseness,mechanical_looseness,mechanical_looseness,0.9985143542289734,0.9985143542289734,0.99609375
mechanical_looseness_40_20260820_165941.csv,5,mechanical_looseness,mechanical_looseness,mechanical_looseness,mechanical_looseness,0.9989738464355469,0.9989738464355469,0.99609375
mechanical_looseness_40_20260820_165941.csv,6,mechanical_looseness,mechanical_looseness,mechanical_looseness,mechanical_looseness,0.9978408813476562,0.9978408813476562,0.99609375
mechanical_looseness_40_20260820_165941.csv,7,mechanical_looseness,mechanical_looseness,mechanical_looseness,mechanical_looseness,0.9990038275718689,0.9990038275718689,0.99609375
mechanical_looseness_40_20260820_165941.csv,8,mechanical_looseness,mechanical_looseness,mechanical_looseness,mechanical_looseness,0.9975852966308594,0.9975852966308594,0.99609375
mechanical_looseness_40_20260820_165941.csv,9,mechanical_looseness,mechanical_looseness,mechanical_looseness,mechanical_looseness,0.9991452693939209,0.9991452693939209,0.99609375
mechanical_looseness_40_20260820_165941.csv,10,mechanical_looseness,mechanical_looseness,mechanical_looseness,mechanical_looseness,0.9982465505599976,0.9982465505599976,0.99609375
mechanical_looseness_40_20260820_165941.csv,11,mechanical_looseness,mechanical_looseness,mechanical_looseness,mechanical_looseness,0.9985068440437317,0.9985068440437317,0.99609375
mechanical_looseness_40_20260820_165941.csv,12,mechanical_looseness,mechanical_looseness,mechanical_looseness,mechanical_looseness,0.9989215135574341,0.9989215135574341,0.99609375
mechanical_looseness_40_20260820_165941.csv,13,mechanical_looseness,mechanical_looseness,mechanical_looseness,mechanical_looseness,0.9977524876594543,0.9977524876594543,0.99609375
mechanical_looseness_40_20260820_165941.csv,14,mechanical_looseness,mechanical_looseness,mechanical_looseness,mechanical_looseness,0.9985509514808655,0.9985509514808655,0.99609375
mechanical_looseness_40_20260820_170143.csv,0,mechanical_looseness,mechanical_looseness,mechanical_looseness,mechanical_looseness,0.9997913241386414,0.9997913241386414,0.99609375
mechanical_looseness_40_20260820_170143.csv,1,mechanical_looseness,mechanical_looseness,mechanical_looseness,mechanical_looseness,0.9877212643623352,0.9877212643623352,0.98828125
mechanical_looseness_40_20260820_170143.csv,2,mechanical_looseness,mechanical_looseness,mechanical_looseness,mechanical_looseness,0.9858328104019165,0.9858328104019165,0.984375
mechanical_looseness_40_20260820_170143.csv,3,mechanical_looseness,mechanical_looseness,mechanical_looseness,mechanical_looseness,0.9999988079071045,0.9999988079071045,0.99609375
mechanical_looseness_40_20260820_170143.csv,4,mechanical_looseness,mechanical_looseness,mechanical_looseness,mechanical_looseness,0.9994254112243652,0.9994254112243652,0.99609375
mechanical_looseness_40_20260820_170143.csv,5,mechanical_looseness,mechanical_looseness,mechanical_looseness,mechanical_looseness,0.9978249073028564,0.9978249073028564,0.99609375
mechanical_looseness_40_20260820_170143.csv,6,mechanical_looseness,mechanical_looseness,mechanical_looseness,mechanical_looseness,0.9979912042617798,0.9979912042617798,0.99609375
mechanical_looseness_40_20260820_170143.csv,7,mechanical_looseness,mechanical_looseness,mechanical_looseness,mechanical_looseness,0.9987119436264038,0.9987119436264038,0.99609375
mechanical_looseness_40_20260820_170143.csv,8,mechanical_looseness,mechanical_looseness,mechanical_looseness,mechanical_looseness,0.9980510473251343,0.9980510473251343,0.99609375
mechanical_looseness_40_20260820_170143.csv,9,mechanical_looseness,mechanical_looseness,mechanical_looseness,mechanical_looseness,0.998021125793457,0.998021125793457,0.99609375
mechanical_looseness_40_20260820_170143.csv,10,mechanical_looseness,mechanical_looseness,mechanical_looseness,mechanical_looseness,0.9986679553985596,0.9986679553985596,0.99609375
mechanical_looseness_40_20260820_170143.csv,11,mechanical_looseness,mechanical_looseness,mechanical_looseness,mechanical_looseness,0.9979326725006104,0.9979326725006104,0.99609375
mechanical_looseness_40_20260820_170143.csv,12,mechanical_looseness,mechanical_looseness,mechanical_looseness,mechanical_looseness,0.9976330995559692,0.9976330995559692,0.99609375
mechanical_looseness_40_20260820_170143.csv,13,mechanical_looseness,mechanical_looseness,mechanical_looseness,mechanical_looseness,0.9976794123649597,0.9976794123649597,0.99609375
mechanical_looseness_40_20260820_170143.csv,14,mechanical_looseness,mechanical_looseness,mechanical_looseness,mechanical_looseness,0.9973008036613464,0.9973008036613464,0.99609375
mechanical_looseness_60_20260820_170815.csv,0,mechanical_looseness,mechanical_looseness,mechanical_looseness,mechanical_looseness,0.9999762773513794,0.9999762773513794,0.99609375
mechanical_looseness_60_20260820_170815.csv,1,mechanical_looseness,mechanical_looseness,mechanical_looseness,mechanical_looseness,0.9999755620956421,0.9999755620956421,0.99609375
mechanical_looseness_60_20260820_170815.csv,2,mechanical_looseness,mechanical_looseness,mechanical_looseness,mechanical_looseness,0.9999268054962158,0.9999268054962158,0.99609375
mechanical_looseness_60_20260820_170815.csv,3,mechanical_looseness,mechanical_looseness,mechanical_looseness,mechanical_looseness,0.9999818801879883,0.9999818801879883,0.99609375
mechanical_looseness_60_20260820_170815.csv,4,mechanical_looseness,mechanical_looseness,mechanical_looseness,mechanical_looseness,0.9999208450317383,0.9999208450317383,0.99609375
mechanical_looseness_60_20260820_170815.csv,5,mechanical_looseness,mechanical_looseness,mechanical_looseness,mechanical_looseness,0.999889612197876,0.999889612197876,0.99609375
mechanical_looseness_60_20260820_170815.csv,6,mechanical_looseness,mechanical_looseness,mechanical_looseness,mechanical_looseness,0.9999897480010986,0.9999897480010986,0.99609375
mechanical_looseness_60_20260820_170815.csv,7,mechanical_looseness,mechanical_looseness,mechanical_looseness,mechanical_looseness,0.9999079704284668,0.9999079704284668,0.99609375
mechanical_looseness_60_20260820_170815.csv,8,mechanical_looseness,mechanical_looseness,mechanical_looseness,mechanical_looseness,0.9999018907546997,0.9999018907546997,0.99609375
mechanical_looseness_60_20260820_170815.csv,9,mechanical_looseness,mechanical_looseness,mechanical_looseness,mechanical_looseness,0.9999805688858032,0.9999805688858032,0.99609375
mechanical_looseness_60_20260820_170815.csv,10,mechanical_looseness,mechanical_looseness,mechanical_looseness,mechanical_looseness,0.9999493360519409,0.9999493360519409,0.99609375
mechanical_looseness_60_20260820_170815.csv,11,mechanical_looseness,mechanical_looseness,mechanical_looseness,mechanical_looseness,0.9999737739562988,0.9999737739562988,0.99609375
mechanical_looseness_60_20260820_170815.csv,12,mechanical_looseness,mechanical_looseness,mechanical_looseness,mechanical_looseness,0.999956488609314,0.999956488609314,0.99609375
mechanical_looseness_60_20260820_170815.csv,13,mechanical_looseness,mechanical_looseness,mechanical_looseness,mechanical_looseness,0.9997251629829407,0.9997251629829407,0.99609375
mechanical_looseness_60_20260820_170815.csv,14,mechanical_looseness,mechanical_looseness,mechanical_looseness,mechanical_looseness,0.9998886585235596,0.9998886585235596,0.99609375
mechanical_looseness_60_20260820_171323.csv,0,mechanical_looseness,mechanical_looseness,mechanical_looseness,mechanical_looseness,0.9999630451202393,0.9999630451202393,0.99609375
mechanical_looseness_60_20260820_171323.csv,1,mechanical_looseness,mechanical_looseness,mechanical_looseness,mechanical_looseness,0.9999986886978149,0.9999986886978149,0.99609375
mechanical_looseness_60_20260820_171323.csv,2,mechanical_looseness,mechanical_looseness,mechanical_looseness,mechanical_looseness,0.9999873638153076,0.9999873638153076,0.99609375
mechanical_looseness_60_20260820_171323.csv,3,mechanical_looseness,mechanical_looseness,mechanical_looseness,mechanical_looseness,0.9999188184738159,0.9999188184738159,0.99609375
mechanical_looseness_60_20260820_171323.csv,4,mechanical_looseness,mechanical_looseness,mechanical_looseness,mechanical_looseness,0.9999991655349731,0.9999991655349731,0.99609375
mechanical_looseness_60_20260820_171323.csv,5,mechanical_looseness,mechanical_looseness,mechanical_looseness,mechanical_looseness,0.9999562501907349,0.9999562501907349,0.99609375
mechanical_looseness_60_20260820_171323.csv,6,mechanical_looseness,mechanical_looseness,mechanical_looseness,mechanical_looseness,0.9999613761901855,0.9999613761901855,0.99609375
mechanical_looseness_60_20260820_171323.csv,7,mechanical_looseness,mechanical_looseness,mechanical_looseness,mechanical_looseness,0.9998053908348083,0.9998053908348083,0.99609375
mechanical_looseness_60_20260820_171323.csv,8,mechanical_looseness,mechanical_looseness,mechanical_looseness,mechanical_looseness,0.9999722242355347,0.9999722242355347,0.99609375
mechanical_looseness_60_20260820_171323.csv,9,mechanical_looseness,mechanical_looseness,mechanical_looseness,mechanical_looseness,0.9999958276748657,0.9999958276748657,0.99609375
mechanical_looseness_60_20260820_171323.csv,10,mechanical_looseness,mechanical_looseness,mechanical_looseness,mechanical_looseness,0.9999449253082275,0.9999449253082275,0.99609375
mechanical_looseness_60_20260820_171323.csv,11,mechanical_looseness,mechanical_looseness,mechanical_looseness,mechanical_looseness,0.9998607635498047,0.9998607635498047,0.99609375
mechanical_looseness_60_20260820_171323.csv,12,mechanical_looseness,mechanical_looseness,mechanical_looseness,mechanical_looseness,0.9996516704559326,0.9996516704559326,0.99609375
mechanical_looseness_60_20260820_171323.csv,13,mechanical_looseness,mechanical_looseness,mechanical_looseness,mechanical_looseness,0.9999192953109741,0.9999192953109741,0.99609375
mechanical_looseness_60_20260820_171323.csv,14,mechanical_looseness,mechanical_looseness,mechanical_looseness,mechanical_looseness,0.9999741315841675,0.9999741315841675,0.99609375
mechanical_looseness_60_20260820_172224.csv,0,mechanical_looseness,mechanical_looseness,mechanical_looseness,mechanical_looseness,0.9999990463256836,0.9999990463256836,0.99609375
mechanical_looseness_60_20260820_172224.csv,1,mechanical_looseness,mechanical_looseness,mechanical_looseness,mechanical_looseness,0.9999966621398926,0.9999966621398926,0.99609375
mechanical_looseness_60_20260820_172224.csv,2,mechanical_looseness,mechanical_looseness,mechanical_looseness,mechanical_looseness,0.9999985694885254,0.9999985694885254,0.99609375
mechanical_looseness_60_20260820_172224.csv,3,mechanical_looseness,mechanical_looseness,mechanical_looseness,mechanical_looseness,0.9999932050704956,0.9999932050704956,0.99609375
mechanical_looseness_60_20260820_172224.csv,4,mechanical_looseness,mechanical_looseness,mechanical_looseness,mechanical_looseness,0.999997615814209,0.999997615814209,0.99609375
mechanical_looseness_60_20260820_172224.csv,5,mechanical_looseness,mechanical_looseness,mechanical_looseness,mechanical_looseness,0.9999980926513672,0.9999980926513672,0.99609375
mechanical_looseness_60_20260820_172224.csv,6,mechanical_looseness,mechanical_looseness,mechanical_looseness,mechanical_looseness,0.9999903440475464,0.9999903440475464,0.99609375
mechanical_looseness_60_20260820_172224.csv,7,mechanical_looseness,mechanical_looseness,mechanical_looseness,mechanical_looseness,0.9999892711639404,0.9999892711639404,0.99609375
mechanical_looseness_60_20260820_172224.csv,8,mechanical_looseness,mechanical_looseness,mechanical_looseness,mechanical_looseness,0.9999837875366211,0.9999837875366211,0.99609375
mechanical_looseness_60_20260820_172224.csv,9,mechanical_looseness,mechanical_looseness,mechanical_looseness,mechanical_looseness,0.9997047781944275,0.9997047781944275,0.99609375
mechanical_looseness_60_20260820_172224.csv,10,mechanical_looseness,mechanical_looseness,mechanical_looseness,mechanical_looseness,0.9989626407623291,0.9989626407623291,0.99609375
mechanical_looseness_60_20260820_172224.csv,11,mechanical_looseness,mechanical_looseness,mechanical_looseness,mechanical_looseness,0.9998136162757874,0.9998136162757874,0.99609375
mechanical_looseness_60_20260820_172224.csv,12,mechanical_looseness,mechanical_looseness,mechanical_looseness,mechanical_looseness,0.9990999698638916,0.9990999698638916,0.99609375
mechanical_looseness_60_20260820_172224.csv,13,mechanical_looseness,mechanical_looseness,mechanical_looseness,mechanical_looseness,0.9946303367614746,0.9946303367614746,0.9921875
mechanical_looseness_60_20260820_172224.csv,14,mechanical_looseness,mechanical_looseness,mechanical_looseness,mechanical_looseness,0.9973526000976562,0.9973526000976562,0.99609375
motor_normal_40_20260819_225032.csv,0,normal,normal,normal,normal,0.9851981997489929,0.9851981997489929,0.984375
motor_normal_40_20260819_225032.csv,1,normal,normal,normal,normal,0.9795193672180176,0.9795193076133728,0.984375
motor_normal_40_20260819_225032.csv,2,normal,normal,normal,normal,0.9821422696113586,0.9821422696113586,0.98046875
motor_normal_40_20260819_225032.csv,3,normal,normal,normal,normal,0.9850257039070129,0.9850257039070129,0.984375
motor_normal_40_20260819_225032.csv,4,normal,normal,normal,normal,0.98309326171875,0.98309326171875,0.98046875
motor_normal_40_20260819_225032.csv,5,normal,normal,normal,normal,0.9877064824104309,0.9877064824104309,0.98828125
motor_normal_40_20260819_225032.csv,6,normal,normal,normal,normal,0.9859061241149902,0.9859061241149902,0.984375
motor_normal_40_20260819_225032.csv,7,normal,normal,normal,normal,0.986832857131958,0.986832857131958,0.984375
motor_normal_40_20260819_225032.csv,8,normal,normal,normal,normal,0.9870023727416992,0.9870023727416992,0.98828125
motor_normal_40_20260819_225032.csv,9,normal,normal,normal,normal,0.9875273108482361,0.9875273108482361,0.984375
motor_normal_40_20260819_225032.csv,10,normal,normal,normal,normal,0.9851993322372437,0.9851993322372437,0.984375
motor_normal_40_20260819_225032.csv,11,normal,normal,normal,normal,0.988610029220581,0.988610029220581,0.98828125
motor_normal_40_20260819_225032.csv,12,normal,normal,normal,normal,0.9863662719726562,0.9863662719726562,0.984375
motor_normal_40_20260819_225032.csv,13,normal,normal,normal,normal,0.9877018332481384,0.9877018332481384,0.98828125
motor_normal_40_20260819_225032.csv,14,normal,normal,normal,normal,0.9870719313621521,0.9870719313621521,0.98828125
motor_normal_40_20260819_225634.csv,0,normal,normal,normal,normal,0.9803687930107117,0.9803687930107117,0.9765625
motor_normal_40_20260819_225634.csv,1,normal,normal,normal,normal,0.9772237539291382,0.9772237539291382,0.9765625
motor_normal_40_20260819_225634.csv,2,normal,normal,normal,normal,0.9673399925231934,0.9673399925231934,0.9609375
motor_normal_40_20260819_225634.csv,3,normal,normal,normal,normal,0.9831543564796448,0.9831543564796448,0.984375
motor_normal_40_20260819_225634.csv,4,normal,normal,normal,normal,0.988071084022522,0.988071084022522,0.98828125
motor_normal_40_20260819_225634.csv,5,normal,normal,normal,normal,0.9898397922515869,0.9898397922515869,0.98828125
motor_normal_40_20260819_225634.csv,6,normal,normal,normal,normal,0.9840286374092102,0.9840286374092102,0.984375
motor_normal_40_20260819_225634.csv,7,normal,normal,normal,normal,0.9759609699249268,0.9759609699249268,0.9765625
motor_normal_40_20260819_225634.csv,8,normal,normal,normal,normal,0.9798650741577148,0.9798650741577148,0.98046875
motor_normal_40_20260819_225634.csv,9,normal,normal,normal,normal,0.9868224859237671,0.9868224859237671,0.98828125
motor_normal_40_20260819_225634.csv,10,normal,normal,normal,normal,0.9899090528488159,0.9899090528488159,0.98828125
motor_normal_40_20260819_225634.csv,11,normal,normal,normal,normal,0.9887574315071106,0.9887574315071106,0.98828125
motor_normal_40_20260819_225634.csv,12,normal,normal,normal,normal,0.9887861013412476,0.9887861013412476,0.98828125
motor_normal_40_20260819_225634.csv,13,normal,normal,normal,normal,0.9867749214172363,0.9867749214172363,0.98828125
motor_normal_40_20260819_225634.csv,14,normal,normal,normal,normal,0.9884375929832458,0.9884375929832458,0.98828125
motor_normal_40_20260819_225920.csv,0,normal,normal,normal,normal,0.9887632131576538,0.9887632131576538,0.98828125
motor_normal_40_20260819_225920.csv,1,normal,normal,normal,normal,0.9909866452217102,0.9909866452217102,0.9921875
motor_normal_40_20260819_225920.csv,2,normal,normal,normal,normal,0.9913596510887146,0.9913596510887146,0.9921875
motor_normal_40_20260819_225920.csv,3,normal,normal,normal,normal,0.9903783798217773,0.9903783798217773,0.98828125
motor_normal_40_20260819_225920.csv,4,normal,normal,normal,normal,0.9905787110328674,0.9905787110328674,0.9921875
motor_normal_40_20260819_225920.csv,5,normal,normal,normal,normal,0.9901212453842163,0.9901212453842163,0.98828125
motor_normal_40_20260819_225920.csv,6,normal,normal,normal,normal,0.990699827671051,0.990699827671051,0.9921875
motor_normal_40_20260819_225920.csv,7,normal,normal,normal,normal,0.9883330464363098,0.9883330464363098,0.98828125
motor_normal_40_20260819_225920.csv,8,normal,normal,normal,normal,0.9901365041732788,0.9901365041732788,0.98828125
motor_normal_40_20260819_225920.csv,9,normal,normal,normal,normal,0.9900554418563843,0.9900554418563843,0.9921875
motor_normal_40_20260819_225920.csv,10,normal,normal,normal,normal,0.990576982498169,0.990576982498169,0.9921875
motor_normal_40_20260819_225920.csv,11,normal,normal,normal,normal,0.9897425770759583,0.9897425174713135,0.98828125
motor_normal_40_20260819_225920.csv,12,normal,normal,normal,normal,0.9913512468338013,0.9913512468338013,0.98828125
motor_normal_40_20260819_225920.csv,13,normal,normal,normal,normal,0.9909018874168396,0.9909018874168396,0.98828125
motor_normal_40_20260819_225920.csv,14,normal,normal,normal,normal,0.9900943636894226,0.9900943636894226,0.98828125
motor_normal_60_20260819_204215.csv,0,normal,normal,normal,normal,0.999995231628418,0.999995231628418,0.99609375
motor_normal_60_20260819_204215.csv,1,normal,normal,normal,normal,0.9999938011169434,0.9999938011169434,0.99609375
motor_normal_60_20260819_204215.csv,2,normal,normal,normal,normal,0.9999973773956299,0.9999973773956299,0.99609375
motor_normal_60_20260819_204215.csv,3,normal,normal,normal,normal,0.9999951124191284,0.9999951124191284,0.99609375
motor_normal_60_20260819_204215.csv,4,normal,normal,normal,normal,0.9999966621398926,0.9999966621398926,0.99609375
motor_normal_60_20260819_204215.csv,5,normal,normal,normal,normal,0.9999995231628418,0.9999995231628418,0.99609375
motor_normal_60_20260819_204215.csv,6,normal,normal,normal,normal,0.9999885559082031,0.9999885559082031,0.99609375
motor_normal_60_20260819_204215.csv,7,normal,normal,normal,normal,0.9999604225158691,0.9999604225158691,0.99609375
motor_normal_60_20260819_204215.csv,8,normal,normal,normal,normal,0.9997758269309998,0.9997758269309998,0.99609375
motor_normal_60_20260819_204215.csv,9,normal,normal,normal,normal,0.9999706745147705,0.9999706745147705,0.99609375
motor_normal_60_20260819_204215.csv,10,normal,normal,normal,normal,0.9999536275863647,0.9999536275863647,0.99609375
motor_normal_60_20260819_204215.csv,11,normal,normal,normal,normal,0.9999895095825195,0.9999895095825195,0.99609375
motor_normal_60_20260819_204215.csv,12,normal,normal,normal,normal,0.9999673366546631,0.9999673366546631,0.99609375
motor_normal_60_20260819_204215.csv,13,normal,normal,normal,normal,0.9999722242355347,0.9999722242355347,0.99609375
motor_normal_60_20260819_204215.csv,14,normal,normal,normal,normal,0.9999909400939941,0.9999909400939941,0.99609375
motor_normal_60_20260819_230403.csv,0,normal,normal,normal,normal,0.9999769926071167,0.9999769926071167,0.99609375
motor_normal_60_20260819_230403.csv,1,normal,normal,normal,normal,0.9999948740005493,0.9999948740005493,0.99609375
motor_normal_60_20260819_230403.csv,2,normal,normal,normal,normal,0.9998703002929688,0.9998703002929688,0.99609375
motor_normal_60_20260819_230403.csv,3,normal,normal,normal,normal,0.999932050704956,0.999932050704956,0.99609375
motor_normal_60_20260819_230403.csv,4,normal,normal,normal,normal,0.9992445707321167,0.9992445707321167,0.99609375
motor_normal_60_20260819_230403.csv,5,normal,normal,normal,normal,0.9999979734420776,0.9999979734420776,0.99609375
motor_normal_60_20260819_230403.csv,6,normal,normal,normal,normal,0.9998080134391785,0.9998080134391785,0.99609375
motor_normal_60_20260819_230403.csv,7,normal,normal,normal,normal,0.999993085861206,0.999993085861206,0.99609375
motor_normal_60_20260819_230403.csv,8,normal,normal,normal,normal,0.9999897480010986,0.9999897480010986,0.99609375
motor_normal_60_20260819_230403.csv,9,normal,normal,normal,normal,0.9999948740005493,0.9999948740005493,0.99609375
motor_normal_60_20260819_230403.csv,10,normal,normal,normal,normal,0.9999887943267822,0.9999887943267822,0.99609375
motor_normal_60_20260819_230403.csv,11,normal,normal,normal,normal,0.9999948740005493,0.9999948740005493,0.99609375
motor_normal_60_20260819_230403.csv,12,normal,normal,normal,normal,0.9999672174453735,0.9999672174453735,0.99609375
motor_normal_60_20260819_230403.csv,13,normal,normal,normal,normal,0.9999990463256836,0.9999990463256836,0.99609375
motor_normal_60_20260819_230403.csv,14,normal,normal,normal,normal,0.9999967813491821,0.9999967813491821,0.99609375
motor_normal_60_20260819_230612.csv,0,normal,normal,normal,normal,0.9999933242797852,0.9999933242797852,0.99609375
motor_normal_60_20260819_230612.csv,1,normal,normal,normal,normal,0.9999982118606567,0.9999982118606567,0.99609375
motor_normal_60_20260819_230612.csv,2,normal,normal,normal,normal,0.9999982118606567,0.9999982118606567,0.99609375
motor_normal_60_20260819_230612.csv,3,normal,normal,normal,normal,0.9999973773956299,0.9999973773956299,0.99609375
motor_normal_60_20260819_230612.csv,4,normal,normal,normal,normal,0.9999996423721313,0.9999996423721313,0.99609375
motor_normal_60_20260819_230612.csv,5,normal,normal,normal,normal,0.9999998807907104,0.9999998807907104,0.99609375
motor_normal_60_20260819_230612.csv,6,normal,normal,normal,normal,0.9999996423721313,0.9999996423721313,0.99609375
motor_normal_60_20260819_230612.csv,7,normal,normal,normal,normal,0.9999998807907104,0.9999998807907104,0.99609375
motor_normal_60_20260819_230612.csv,8,normal,normal,normal,normal,1.0,1.0,0.99609375
motor_normal_60_20260819_230612.csv,9,normal,normal,normal,normal,0.9999998807907104,0.9999998807907104,0.99609375
motor_normal_60_20260819_230612.csv,10,normal,normal,normal,normal,0.9999794960021973,0.9999794960021973,0.99609375
motor_normal_60_20260819_230612.csv,11,normal,normal,normal,normal,0.9999911785125732,0.9999911785125732,0.99609375
motor_normal_60_20260819_230612.csv,12,normal,normal,normal,normal,0.9999997615814209,0.9999997615814209,0.99609375
motor_normal_60_20260819_230612.csv,13,normal,normal,normal,normal,0.9999929666519165,0.9999929666519165,0.99609375
motor_normal_60_20260819_230612.csv,14,normal,normal,normal,normal,0.9983092546463013,0.9983092546463013,0.99609375
motor_normal_80_20260819_231002.csv,0,normal,normal,normal,normal,0.9999902248382568,0.9999902248382568,0.99609375
motor_normal_80_20260819_231002.csv,1,normal,normal,normal,normal,0.9999810457229614,0.9999810457229614,0.99609375
motor_normal_80_20260819_231002.csv,2,normal,normal,normal,normal,0.9999734163284302,0.9999734163284302,0.99609375
motor_normal_80_20260819_231002.csv,3,normal,normal,normal,normal,0.9999446868896484,0.9999446868896484,0.99609375
motor_normal_80_20260819_231002.csv,4,normal,normal,normal,normal,0.9999959468841553,0.9999959468841553,0.99609375
motor_normal_80_20260819_231002.csv,5,normal,normal,normal,normal,0.999998927116394,0.999998927116394,0.99609375
motor_normal_80_20260819_231002.csv,6,normal,normal,normal,normal,0.9999991655349731,0.9999991655349731,0.99609375
motor_normal_80_20260819_231002.csv,7,normal,normal,normal,normal,0.9999979734420776,0.9999979734420776,0.99609375
motor_normal_80_20260819_231002.csv,8,normal,normal,normal,normal,0.9999990463256836,0.9999990463256836,0.99609375
motor_normal_80_20260819_231002.csv,9,normal,normal,normal,normal,0.9999957084655762,0.9999957084655762,0.99609375
motor_normal_80_20260819_231002.csv,10,normal,normal,normal,normal,0.9999874830245972,0.9999874830245972,0.99609375
motor_normal_80_20260819_231002.csv,11,normal,normal,normal,normal,0.9999932050704956,0.9999932050704956,0.99609375
motor_normal_80_20260819_231002.csv,12,normal,normal,normal,normal,0.9999986886978149,0.9999986886978149,0.99609375
motor_normal_80_20260819_231002.csv,13,normal,normal,normal,normal,0.9999960660934448,0.9999960660934448,0.99609375
motor_normal_80_20260819_231002.csv,14,normal,normal,normal,normal,1.0,1.0,0.99609375
motor_normal_80_20260819_231204.csv,0,normal,normal,normal,normal,0.9999978542327881,0.9999978542327881,0.99609375
motor_normal_80_20260819_231204.csv,1,normal,normal,normal,normal,0.9999933242797852,0.9999933242797852,0.99609375
motor_normal_80_20260819_231204.csv,2,normal,normal,normal,normal,0.9999988079071045,0.9999988079071045,0.99609375
motor_normal_80_20260819_231204.csv,3,normal,normal,normal,normal,0.999995231628418,0.999995231628418,0.99609375
motor_normal_80_20260819_231204.csv,4,normal,normal,normal,normal,0.9999926090240479,0.9999926090240479,0.99609375
motor_normal_80_20260819_231204.csv,5,normal,normal,normal,normal,0.9999984502792358,0.9999984502792358,0.99609375
motor_normal_80_20260819_231204.csv,6,normal,normal,normal,normal,0.9999978542327881,0.9999978542327881,0.99609375
motor_normal_80_20260819_231204.csv,7,normal,normal,normal,normal,0.9999990463256836,0.9999990463256836,0.99609375
motor_normal_80_20260819_231204.csv,8,normal,normal,normal,normal,0.9999986886978149,0.9999986886978149,0.99609375
motor_normal_80_20260819_231204.csv,9,normal,normal,normal,normal,0.9999983310699463,0.9999983310699463,0.99609375
motor_normal_80_20260819_231204.csv,10,normal,normal,normal,normal,0.9999990463256836,0.9999990463256836,0.99609375
motor_normal_80_20260819_231204.csv,11,normal,normal,normal,normal,0.999996542930603,0.999996542930603,0.99609375
motor_normal_80_20260819_231204.csv,12,normal,normal,normal,normal,0.9999957084655762,0.9999957084655762,0.99609375
motor_normal_80_20260819_231204.csv,13,normal,normal,normal,normal,0.9998854398727417,0.9998854398727417,0.99609375
motor_normal_80_20260819_231204.csv,14,normal,normal,normal,normal,0.9999878406524658,0.9999878406524658,0.99609375
motor_normal_80_20260819_231433.csv,0,normal,normal,normal,normal,0.9999933242797852,0.9999933242797852,0.99609375
motor_normal_80_20260819_231433.csv,1,normal,normal,normal,normal,0.9999896287918091,0.9999896287918091,0.99609375
motor_normal_80_20260819_231433.csv,2,normal,normal,normal,normal,0.9999853372573853,0.9999853372573853,0.99609375
motor_normal_80_20260819_231433.csv,3,normal,normal,normal,normal,0.9998830556869507,0.9998830556869507,0.99609375
motor_normal_80_20260819_231433.csv,4,normal,normal,normal,normal,0.9999128580093384,0.9999128580093384,0.99609375
motor_normal_80_20260819_231433.csv,5,normal,normal,normal,normal,0.9999853372573853,0.9999853372573853,0.99609375
motor_normal_80_20260819_231433.csv,6,normal,normal,normal,normal,0.9999818801879883,0.9999818801879883,0.99609375
motor_normal_80_20260819_231433.csv,7,normal,normal,normal,normal,0.9999946355819702,0.9999946355819702,0.99609375
motor_normal_80_20260819_231433.csv,8,normal,normal,normal,normal,0.9999872446060181,0.9999872446060181,0.99609375
motor_normal_80_20260819_231433.csv,9,normal,normal,normal,normal,0.9999969005584717,0.9999969005584717,0.99609375
motor_normal_80_20260819_231433.csv,10,normal,normal,normal,normal,0.9999955892562866,0.9999955892562866,0.99609375
motor_normal_80_20260819_231433.csv,11,normal,normal,normal,normal,0.9999972581863403,0.9999972581863403,0.99609375
motor_normal_80_20260819_231433.csv,12,normal,normal,normal,normal,0.9998461008071899,0.9998461008071899,0.99609375
motor_normal_80_20260819_231433.csv,13,normal,normal,normal,normal,0.9997794032096863,0.9997794032096863,0.99609375
motor_normal_80_20260819_231433.csv,14,normal,normal,normal,normal,0.999819815158844,0.9998196959495544,0.99609375
motor_overload_40_20260820_175854.csv,0,overload,overload,overload,overload,0.9903939366340637,0.9903939366340637,0.98828125
motor_overload_40_20260820_175854.csv,1,overload,overload,overload,overload,0.9906620383262634,0.9906620383262634,0.9921875
motor_overload_40_20260820_175854.csv,2,overload,overload,overload,overload,0.9934427738189697,0.9934427738189697,0.9921875
motor_overload_40_20260820_175854.csv,3,overload,overload,overload,overload,0.9907575249671936,0.9907575249671936,0.9921875
motor_overload_40_20260820_175854.csv,4,overload,overload,overload,overload,0.9903094172477722,0.9903094172477722,0.98828125
motor_overload_40_20260820_175854.csv,5,overload,overload,overload,overload,0.9920965433120728,0.9920965433120728,0.9921875
motor_overload_40_20260820_175854.csv,6,overload,overload,overload,overload,0.9891142845153809,0.9891142845153809,0.98828125
motor_overload_40_20260820_175854.csv,7,overload,overload,overload,overload,0.9893508553504944,0.9893508553504944,0.9921875
motor_overload_40_20260820_175854.csv,8,overload,overload,overload,overload,0.986520528793335,0.986520528793335,0.98828125
motor_overload_40_20260820_175854.csv,9,overload,overload,overload,overload,0.9903525710105896,0.9903525710105896,0.9921875
motor_overload_40_20260820_175854.csv,10,overload,overload,overload,overload,0.9884657859802246,0.9884657859802246,0.98828125
motor_overload_40_20260820_175854.csv,11,overload,overload,overload,overload,0.9907979965209961,0.9907978773117065,0.9921875
motor_overload_40_20260820_175854.csv,12,overload,overload,overload,overload,0.9913235902786255,0.9913235902786255,0.9921875
motor_overload_40_20260820_175854.csv,13,overload,overload,overload,overload,0.9892655611038208,0.9892655611038208,0.98828125
motor_overload_40_20260820_175854.csv,14,overload,overload,overload,overload,0.985444962978363,0.985444962978363,0.984375
motor_overload_40_20260820_180320.csv,0,overload,overload,overload,overload,0.9914765954017639,0.9914765954017639,0.9921875
motor_overload_40_20260820_180320.csv,1,overload,overload,overload,overload,0.9896329641342163,0.9896329641342163,0.98828125
motor_overload_40_20260820_180320.csv,2,overload,overload,overload,overload,0.9925692677497864,0.9925691485404968,0.9921875
motor_overload_40_20260820_180320.csv,3,overload,overload,overload,overload,0.9925219416618347,0.9925219416618347,0.9921875
motor_overload_40_20260820_180320.csv,4,overload,overload,overload,overload,0.9917178153991699,0.9917178153991699,0.9921875
motor_overload_40_20260820_180320.csv,5,overload,overload,overload,overload,0.992077112197876,0.992077112197876,0.9921875
motor_overload_40_20260820_180320.csv,6,overload,overload,overload,overload,0.9914200305938721,0.9914200305938721,0.9921875
motor_overload_40_20260820_180320.csv,7,overload,overload,overload,overload,0.9916588664054871,0.9916588664054871,0.9921875
motor_overload_40_20260820_180320.csv,8,overload,overload,overload,overload,0.9914010167121887,0.9914010167121887,0.9921875
motor_overload_40_20260820_180320.csv,9,overload,overload,overload,overload,0.9921751618385315,0.9921751618385315,0.9921875
motor_overload_40_20260820_180320.csv,10,overload,overload,overload,overload,0.991060197353363,0.991060197353363,0.9921875
motor_overload_40_20260820_180320.csv,11,overload,overload,overload,overload,0.9920555949211121,0.9920555949211121,0.9921875
motor_overload_40_20260820_180320.csv,12,overload,overload,overload,overload,0.9917211532592773,0.9917211532592773,0.9921875
motor_overload_40_20260820_180320.csv,13,overload,overload,overload,overload,0.990841269493103,0.990841269493103,0.9921875
motor_overload_40_20260820_180320.csv,14,overload,overload,overload,overload,0.9923366904258728,0.9923366904258728,0.9921875
motor_overload_40_20260820_180451.csv,0,overload,overload,overload,overload,0.9910590052604675,0.9910590052604675,0.9921875
motor_overload_40_20260820_180451.csv,1,overload,overload,overload,overload,0.9886044263839722,0.9886044263839722,0.98828125
motor_overload_40_20260820_180451.csv,2,overload,overload,overload,overload,0.987267792224884,0.987267792224884,0.984375
motor_overload_40_20260820_180451.csv,3,overload,overload,overload,overload,0.9915643930435181,0.9915643930435181,0.9921875
motor_overload_40_20260820_180451.csv,4,overload,overload,overload,overload,0.9924085140228271,0.9924085140228271,0.9921875
motor_overload_40_20260820_180451.csv,5,overload,overload,overload,overload,0.9894214868545532,0.9894214868545532,0.9921875
motor_overload_40_20260820_180451.csv,6,overload,overload,overload,overload,0.9917281866073608,0.9917281866073608,0.9921875
motor_overload_40_20260820_180451.csv,7,overload,overload,overload,overload,0.9929854273796082,0.9929854273796082,0.9921875
motor_overload_40_20260820_180451.csv,8,overload,overload,overload,overload,0.9928163290023804,0.9928163290023804,0.9921875
motor_overload_40_20260820_180451.csv,9,overload,overload,overload,overload,0.9906921982765198,0.9906921982765198,0.9921875
motor_overload_40_20260820_180451.csv,10,overload,overload,overload,overload,0.9882783889770508,0.9882783889770508,0.98828125
motor_overload_40_20260820_180451.csv,11,overload,overload,overload,overload,0.9919871091842651,0.9919871091842651,0.9921875
motor_overload_40_20260820_180451.csv,12,overload,overload,overload,overload,0.992416501045227,0.992416501045227,0.9921875
motor_overload_40_20260820_180451.csv,13,overload,overload,overload,overload,0.9876251816749573,0.9876251816749573,0.984375
motor_overload_40_20260820_180451.csv,14,overload,overload,overload,overload,0.9890661239624023,0.9890661239624023,0.98828125
motor_overload_60_20260820_180954.csv,0,overload,overload,overload,overload,0.9996349811553955,0.9996349811553955,0.99609375
motor_overload_60_20260820_180954.csv,1,overload,overload,overload,overload,0.9996511936187744,0.9996511936187744,0.99609375
motor_overload_60_20260820_180954.csv,2,overload,overload,overload,overload,0.9997468590736389,0.9997468590736389,0.99609375
motor_overload_60_20260820_180954.csv,3,overload,overload,overload,overload,0.9996631145477295,0.9996631145477295,0.99609375
motor_overload_60_20260820_180954.csv,4,overload,overload,overload,overload,0.9997387528419495,0.9997387528419495,0.99609375
motor_overload_60_20260820_180954.csv,5,overload,overload,overload,overload,0.999705970287323,0.999705970287323,0.99609375
motor_overload_60_20260820_180954.csv,6,overload,overload,overload,overload,0.9997679591178894,0.9997679591178894,0.99609375
motor_overload_60_20260820_180954.csv,7,overload,overload,overload,overload,0.9996509552001953,0.9996509552001953,0.99609375
motor_overload_60_20260820_180954.csv,8,overload,overload,overload,overload,0.999758780002594,0.999758780002594,0.99609375
motor_overload_60_20260820_180954.csv,9,overload,overload,overload,overload,0.9997826218605042,0.9997826218605042,0.99609375
motor_overload_60_20260820_180954.csv,10,overload,overload,overload,overload,0.9996125102043152,0.9996125102043152,0.99609375
motor_overload_60_20260820_180954.csv,11,overload,overload,overload,overload,0.999671220779419,0.999671220779419,0.99609375
motor_overload_60_20260820_180954.csv,12,overload,overload,overload,overload,0.9997196793556213,0.9997196793556213,0.99609375
motor_overload_60_20260820_180954.csv,13,overload,overload,overload,overload,0.9997420907020569,0.9997420907020569,0.99609375
motor_overload_60_20260820_180954.csv,14,overload,overload,overload,overload,0.9997792840003967,0.9997792840003967,0.99609375
motor_overload_60_20260820_181115.csv,0,overload,overload,overload,overload,0.9997544884681702,0.9997544884681702,0.99609375
motor_overload_60_20260820_181115.csv,1,overload,overload,overload,overload,0.9998072981834412,0.9998072981834412,0.99609375
motor_overload_60_20260820_181115.csv,2,overload,overload,overload,overload,0.9997609257698059,0.9997609257698059,0.99609375
motor_overload_60_20260820_181115.csv,3,overload,overload,overload,overload,0.9997746348381042,0.9997746348381042,0.99609375
motor_overload_60_20260820_181115.csv,4,overload,overload,overload,overload,0.9997981190681458,0.9997981190681458,0.99609375
motor_overload_60_20260820_181115.csv,5,overload,overload,overload,overload,0.999776303768158,0.999776303768158,0.99609375
motor_overload_60_20260820_181115.csv,6,overload,overload,overload,overload,0.9998383522033691,0.9998383522033691,0.99609375
motor_overload_60_20260820_181115.csv,7,overload,overload,overload,overload,0.9996412992477417,0.9996412992477417,0.99609375
motor_overload_60_20260820_181115.csv,8,overload,overload,overload,overload,0.9998063445091248,0.9998063445091248,0.99609375
motor_overload_60_20260820_181115.csv,9,overload,overload,overload,overload,0.9997972846031189,0.9997972846031189,0.99609375
motor_overload_60_20260820_181115.csv,10,overload,overload,overload,overload,0.9998528957366943,0.9998528957366943,0.99609375
motor_overload_60_20260820_181115.csv,11,overload,overload,overload,overload,0.9998112320899963,0.9998112320899963,0.99609375
motor_overload_60_20260820_181115.csv,12,overload,overload,overload,overload,0.9996718168258667,0.9996718168258667,0.99609375
motor_overload_60_20260820_181115.csv,13,overload,overload,overload,overload,0.9998047947883606,0.9998047947883606,0.99609375
motor_overload_60_20260820_181115.csv,14,overload,overload,overload,overload,0.9997972846031189,0.9997972846031189,0.99609375
motor_overload_60_20260820_181249.csv,0,overload,overload,overload,overload,0.999733030796051,0.999733030796051,0.99609375
motor_overload_60_20260820_181249.csv,1,overload,overload,overload,overload,0.998826801776886,0.998826801776886,0.99609375
motor_overload_60_20260820_181249.csv,2,overload,overload,overload,overload,0.9998464584350586,0.9998464584350586,0.99609375
motor_overload_60_20260820_181249.csv,3,overload,overload,overload,overload,0.9998903274536133,0.9998903274536133,0.99609375
motor_overload_60_20260820_181249.csv,4,overload,overload,overload,overload,0.9995520710945129,0.9995520710945129,0.99609375
motor_overload_60_20260820_181249.csv,5,overload,overload,overload,overload,0.9997180104255676,0.9997180104255676,0.99609375
motor_overload_60_20260820_181249.csv,6,overload,overload,overload,overload,0.9997139573097229,0.9997139573097229,0.99609375
motor_overload_60_20260820_181249.csv,7,overload,overload,overload,overload,0.9997759461402893,0.9997759461402893,0.99609375
motor_overload_60_20260820_181249.csv,8,overload,overload,overload,overload,0.9997692704200745,0.9997692704200745,0.99609375
motor_overload_60_20260820_181249.csv,9,overload,overload,overload,overload,0.9996148347854614,0.9996148347854614,0.99609375
motor_overload_60_20260820_181249.csv,10,overload,overload,overload,overload,0.9998340606689453,0.9998340606689453,0.99609375
motor_overload_60_20260820_181249.csv,11,overload,overload,overload,overload,0.9996240139007568,0.9996240139007568,0.99609375
motor_overload_60_20260820_181249.csv,12,overload,overload,overload,overload,0.9997108578681946,0.9997108578681946,0.99609375
motor_overload_60_20260820_181249.csv,13,overload,overload,overload,overload,0.999810516834259,0.999810516834259,0.99609375
motor_overload_60_20260820_181249.csv,14,overload,overload,overload,overload,0.9996515512466431,0.9996515512466431,0.99609375
rotor_unbalance_40_20260820_141437.csv,0,rotor_unbalance,rotor_unbalance,rotor_unbalance,rotor_unbalance,0.9999977350234985,0.9999977350234985,0.99609375
rotor_unbalance_40_20260820_141437.csv,1,rotor_unbalance,rotor_unbalance,rotor_unbalance,rotor_unbalance,0.9999977350234985,0.9999977350234985,0.99609375
rotor_unbalance_40_20260820_141437.csv,2,rotor_unbalance,rotor_unbalance,rotor_unbalance,rotor_unbalance,0.9999984502792358,0.9999984502792358,0.99609375
rotor_unbalance_40_20260820_141437.csv,3,rotor_unbalance,rotor_unbalance,rotor_unbalance,rotor_unbalance,0.9999977350234985,0.9999977350234985,0.99609375
rotor_unbalance_40_20260820_141437.csv,4,rotor_unbalance,rotor_unbalance,rotor_unbalance,rotor_unbalance,0.9999986886978149,0.9999986886978149,0.99609375
rotor_unbalance_40_20260820_141437.csv,5,rotor_unbalance,rotor_unbalance,rotor_unbalance,rotor_unbalance,0.9999980926513672,0.9999980926513672,0.99609375
rotor_unbalance_40_20260820_141437.csv,6,rotor_unbalance,rotor_unbalance,rotor_unbalance,rotor_unbalance,0.9999984502792358,0.9999984502792358,0.99609375
rotor_unbalance_40_20260820_141437.csv,7,rotor_unbalance,rotor_unbalance,rotor_unbalance,rotor_unbalance,0.9999979734420776,0.9999979734420776,0.99609375
rotor_unbalance_40_20260820_141437.csv,8,rotor_unbalance,rotor_unbalance,rotor_unbalance,rotor_unbalance,0.9999986886978149,0.9999986886978149,0.99609375
rotor_unbalance_40_20260820_141437.csv,9,rotor_unbalance,rotor_unbalance,rotor_unbalance,rotor_unbalance,0.9999985694885254,0.9999985694885254,0.99609375
rotor_unbalance_40_20260820_141437.csv,10,rotor_unbalance,rotor_unbalance,rotor_unbalance,rotor_unbalance,0.9999982118606567,0.9999982118606567,0.99609375
rotor_unbalance_40_20260820_141437.csv,11,rotor_unbalance,rotor_unbalance,rotor_unbalance,rotor_unbalance,0.9999972581863403,0.9999972581863403,0.99609375
rotor_unbalance_40_20260820_141437.csv,12,rotor_unbalance,rotor_unbalance,rotor_unbalance,rotor_unbalance,0.9999927282333374,0.9999927282333374,0.99609375
rotor_unbalance_40_20260820_141437.csv,13,rotor_unbalance,rotor_unbalance,rotor_unbalance,rotor_unbalance,0.9999992847442627,0.9999992847442627,0.99609375
rotor_unbalance_40_20260820_141437.csv,14,rotor_unbalance,rotor_unbalance,rotor_unbalance,rotor_unbalance,0.9999990463256836,0.9999990463256836,0.99609375
rotor_unbalance_40_20260820_142102.csv,0,rotor_unbalance,rotor_unbalance,rotor_unbalance,rotor_unbalance,0.9999985694885254,0.9999985694885254,0.99609375
rotor_unbalance_40_20260820_142102.csv,1,rotor_unbalance,rotor_unbalance,rotor_unbalance,rotor_unbalance,0.9999947547912598,0.9999947547912598,0.99609375
rotor_unbalance_40_20260820_142102.csv,2,rotor_unbalance,rotor_unbalance,rotor_unbalance,rotor_unbalance,0.9999988079071045,0.9999988079071045,0.99609375
rotor_unbalance_40_20260820_142102.csv,3,rotor_unbalance,rotor_unbalance,rotor_unbalance,rotor_unbalance,0.9999980926513672,0.9999980926513672,0.99609375
rotor_unbalance_40_20260820_142102.csv,4,rotor_unbalance,rotor_unbalance,rotor_unbalance,rotor_unbalance,0.9999977350234985,0.9999977350234985,0.99609375
rotor_unbalance_40_20260820_142102.csv,5,rotor_unbalance,rotor_unbalance,rotor_unbalance,rotor_unbalance,0.9999983310699463,0.9999983310699463,0.99609375
rotor_unbalance_40_20260820_142102.csv,6,rotor_unbalance,rotor_unbalance,rotor_unbalance,rotor_unbalance,0.9999972581863403,0.9999972581863403,0.99609375
rotor_unbalance_40_20260820_142102.csv,7,rotor_unbalance,rotor_unbalance,rotor_unbalance,rotor_unbalance,0.9999971389770508,0.9999971389770508,0.99609375
rotor_unbalance_40_20260820_142102.csv,8,rotor_unbalance,rotor_unbalance,rotor_unbalance,rotor_unbalance,0.999997615814209,0.999997615814209,0.99609375
rotor_unbalance_40_20260820_142102.csv,9,rotor_unbalance,rotor_unbalance,rotor_unbalance,rotor_unbalance,0.9999972581863403,0.9999972581863403,0.99609375
rotor_unbalance_40_20260820_142102.csv,10,rotor_unbalance,rotor_unbalance,rotor_unbalance,rotor_unbalance,0.9999979734420776,0.9999979734420776,0.99609375
rotor_unbalance_40_20260820_142102.csv,11,rotor_unbalance,rotor_unbalance,rotor_unbalance,rotor_unbalance,0.9999983310699463,0.9999983310699463,0.99609375
rotor_unbalance_40_20260820_142102.csv,12,rotor_unbalance,rotor_unbalance,rotor_unbalance,rotor_unbalance,0.9999972581863403,0.9999972581863403,0.99609375
rotor_unbalance_40_20260820_142102.csv,13,rotor_unbalance,rotor_unbalance,rotor_unbalance,rotor_unbalance,0.9999967813491821,0.9999967813491821,0.99609375
rotor_unbalance_40_20260820_142102.csv,14,rotor_unbalance,rotor_unbalance,rotor_unbalance,rotor_unbalance,0.9999973773956299,0.9999973773956299,0.99609375
rotor_unbalance_40_20260820_142345.csv,0,rotor_unbalance,rotor_unbalance,rotor_unbalance,rotor_unbalance,0.9999971389770508,0.9999971389770508,0.99609375
rotor_unbalance_40_20260820_142345.csv,1,rotor_unbalance,rotor_unbalance,rotor_unbalance,rotor_unbalance,0.9999967813491821,0.9999967813491821,0.99609375
rotor_unbalance_40_20260820_142345.csv,2,rotor_unbalance,rotor_unbalance,rotor_unbalance,rotor_unbalance,0.999996542930603,0.999996542930603,0.99609375
rotor_unbalance_40_20260820_142345.csv,3,rotor_unbalance,rotor_unbalance,rotor_unbalance,rotor_unbalance,0.9999966621398926,0.9999966621398926,0.99609375
rotor_unbalance_40_20260820_142345.csv,4,rotor_unbalance,rotor_unbalance,rotor_unbalance,rotor_unbalance,0.9999966621398926,0.9999966621398926,0.99609375
rotor_unbalance_40_20260820_142345.csv,5,rotor_unbalance,rotor_unbalance,rotor_unbalance,rotor_unbalance,0.999998927116394,0.999998927116394,0.99609375
rotor_unbalance_40_20260820_142345.csv,6,rotor_unbalance,rotor_unbalance,rotor_unbalance,rotor_unbalance,0.9999949932098389,0.9999949932098389,0.99609375
rotor_unbalance_40_20260820_142345.csv,7,rotor_unbalance,rotor_unbalance,rotor_unbalance,rotor_unbalance,0.9999964237213135,0.9999964237213135,0.99609375
rotor_unbalance_40_20260820_142345.csv,8,rotor_unbalance,rotor_unbalance,rotor_unbalance,rotor_unbalance,0.9999970197677612,0.9999970197677612,0.99609375
rotor_unbalance_40_20260820_142345.csv,9,rotor_unbalance,rotor_unbalance,rotor_unbalance,rotor_unbalance,0.9999971389770508,0.9999971389770508,0.99609375
rotor_unbalance_40_20260820_142345.csv,10,rotor_unbalance,rotor_unbalance,rotor_unbalance,rotor_unbalance,0.9999972581863403,0.9999972581863403,0.99609375
rotor_unbalance_40_20260820_142345.csv,11,rotor_unbalance,rotor_unbalance,rotor_unbalance,rotor_unbalance,0.9999978542327881,0.9999978542327881,0.99609375
rotor_unbalance_40_20260820_142345.csv,12,rotor_unbalance,rotor_unbalance,rotor_unbalance,rotor_unbalance,0.9999961853027344,0.9999961853027344,0.99609375
rotor_unbalance_40_20260820_142345.csv,13,rotor_unbalance,rotor_unbalance,rotor_unbalance,rotor_unbalance,0.9999970197677612,0.9999970197677612,0.99609375
rotor_unbalance_40_20260820_142345.csv,14,rotor_unbalance,rotor_unbalance,rotor_unbalance,rotor_unbalance,0.9999958276748657,0.9999958276748657,0.99609375
rotor_unbalance_60_20260820_143613.csv,0,rotor_unbalance,rotor_unbalance,rotor_unbalance,rotor_unbalance,0.9999314546585083,0.9999314546585083,0.99609375
rotor_unbalance_60_20260820_143613.csv,1,rotor_unbalance,rotor_unbalance,rotor_unbalance,rotor_unbalance,0.9999065399169922,0.9999065399169922,0.99609375
rotor_unbalance_60_20260820_143613.csv,2,rotor_unbalance,rotor_unbalance,rotor_unbalance,rotor_unbalance,0.9999380111694336,0.9999380111694336,0.99609375
rotor_unbalance_60_20260820_143613.csv,3,rotor_unbalance,rotor_unbalance,rotor_unbalance,rotor_unbalance,0.9998894929885864,0.9998894929885864,0.99609375
rotor_unbalance_60_20260820_143613.csv,4,rotor_unbalance,rotor_unbalance,rotor_unbalance,rotor_unbalance,0.9999305009841919,0.9999305009841919,0.99609375
rotor_unbalance_60_20260820_143613.csv,5,rotor_unbalance,rotor_unbalance,rotor_unbalance,rotor_unbalance,0.9999356269836426,0.9999356269836426,0.99609375
rotor_unbalance_60_20260820_143613.csv,6,rotor_unbalance,rotor_unbalance,rotor_unbalance,rotor_unbalance,0.99991774559021,0.99991774559021,0.99609375
rotor_unbalance_60_20260820_143613.csv,7,rotor_unbalance,rotor_unbalance,rotor_unbalance,rotor_unbalance,0.9999412298202515,0.9999412298202515,0.99609375
rotor_unbalance_60_20260820_143613.csv,8,rotor_unbalance,rotor_unbalance,rotor_unbalance,rotor_unbalance,0.9999465942382812,0.9999465942382812,0.99609375
rotor_unbalance_60_20260820_143613.csv,9,rotor_unbalance,rotor_unbalance,rotor_unbalance,rotor_unbalance,0.9999390840530396,0.9999390840530396,0.99609375
rotor_unbalance_60_20260820_143613.csv,10,rotor_unbalance,rotor_unbalance,rotor_unbalance,rotor_unbalance,0.9999253749847412,0.9999253749847412,0.99609375
rotor_unbalance_60_20260820_143613.csv,11,rotor_unbalance,rotor_unbalance,rotor_unbalance,rotor_unbalance,0.9999206066131592,0.9999206066131592,0.99609375
rotor_unbalance_60_20260820_143613.csv,12,rotor_unbalance,rotor_unbalance,rotor_unbalance,rotor_unbalance,0.999769389629364,0.999769389629364,0.99609375
rotor_unbalance_60_20260820_143613.csv,13,rotor_unbalance,rotor_unbalance,rotor_unbalance,rotor_unbalance,0.9983921647071838,0.9983921647071838,0.99609375
rotor_unbalance_60_20260820_143613.csv,14,rotor_unbalance,rotor_unbalance,rotor_unbalance,rotor_unbalance,0.9970961809158325,0.9970961809158325,0.99609375
rotor_unbalance_60_20260820_144640.csv,0,rotor_unbalance,rotor_unbalance,rotor_unbalance,rotor_unbalance,0.9883441925048828,0.9883441925048828,0.98828125
rotor_unbalance_60_20260820_144640.csv,1,rotor_unbalance,rotor_unbalance,rotor_unbalance,rotor_unbalance,0.9913318157196045,0.9913318157196045,0.9921875
rotor_unbalance_60_20260820_144640.csv,2,rotor_unbalance,rotor_unbalance,rotor_unbalance,rotor_unbalance,0.9984350800514221,0.9984350800514221,0.99609375
rotor_unbalance_60_20260820_144640.csv,3,rotor_unbalance,rotor_unbalance,rotor_unbalance,rotor_unbalance,0.9980796575546265,0.9980796575546265,0.99609375
rotor_unbalance_60_20260820_144640.csv,4,rotor_unbalance,rotor_unbalance,rotor_unbalance,rotor_unbalance,0.9988018274307251,0.9988018274307251,0.99609375
rotor_unbalance_60_20260820_144640.csv,5,rotor_unbalance,rotor_unbalance,rotor_unbalance,rotor_unbalance,0.9974707365036011,0.9974707365036011,0.99609375
rotor_unbalance_60_20260820_144640.csv,6,rotor_unbalance,rotor_unbalance,rotor_unbalance,rotor_unbalance,0.9990259408950806,0.9990259408950806,0.99609375
rotor_unbalance_60_20260820_144640.csv,7,rotor_unbalance,rotor_unbalance,rotor_unbalance,rotor_unbalance,0.9999141693115234,0.9999141693115234,0.99609375
rotor_unbalance_60_20260820_144640.csv,8,rotor_unbalance,rotor_unbalance,rotor_unbalance,rotor_unbalance,0.9981525540351868,0.9981525540351868,0.99609375
rotor_unbalance_60_20260820_144640.csv,9,rotor_unbalance,rotor_unbalance,rotor_unbalance,rotor_unbalance,0.9978832602500916,0.9978833794593811,0.99609375
rotor_unbalance_60_20260820_144640.csv,10,rotor_unbalance,rotor_unbalance,rotor_unbalance,rotor_unbalance,0.9997140765190125,0.9997140765190125,0.99609375
rotor_unbalance_60_20260820_144640.csv,11,rotor_unbalance,rotor_unbalance,rotor_unbalance,rotor_unbalance,0.9998037219047546,0.9998037219047546,0.99609375
rotor_unbalance_60_20260820_144640.csv,12,rotor_unbalance,rotor_unbalance,rotor_unbalance,rotor_unbalance,0.9995173215866089,0.9995173215866089,0.99609375
rotor_unbalance_60_20260820_144640.csv,13,rotor_unbalance,rotor_unbalance,rotor_unbalance,rotor_unbalance,0.9980323910713196,0.9980323910713196,0.99609375
rotor_unbalance_60_20260820_144640.csv,14,rotor_unbalance,rotor_unbalance,rotor_unbalance,rotor_unbalance,0.9978092312812805,0.9978092312812805,0.99609375
rotor_unbalance_60_20260820_145113.csv,0,rotor_unbalance,rotor_unbalance,rotor_unbalance,rotor_unbalance,0.9995545744895935,0.9995545744895935,0.99609375
rotor_unbalance_60_20260820_145113.csv,1,rotor_unbalance,rotor_unbalance,rotor_unbalance,rotor_unbalance,0.9988418221473694,0.9988418221473694,0.99609375
rotor_unbalance_60_20260820_145113.csv,2,rotor_unbalance,rotor_unbalance,rotor_unbalance,rotor_unbalance,0.9980195760726929,0.9980195760726929,0.99609375
rotor_unbalance_60_20260820_145113.csv,3,rotor_unbalance,rotor_unbalance,rotor_unbalance,rotor_unbalance,0.9987095594406128,0.9987095594406128,0.99609375
rotor_unbalance_60_20260820_145113.csv,4,rotor_unbalance,rotor_unbalance,rotor_unbalance,rotor_unbalance,0.9996978044509888,0.9996978044509888,0.99609375
rotor_unbalance_60_20260820_145113.csv,5,rotor_unbalance,rotor_unbalance,rotor_unbalance,rotor_unbalance,0.9978057742118835,0.997805655002594,0.99609375
rotor_unbalance_60_20260820_145113.csv,6,rotor_unbalance,rotor_unbalance,rotor_unbalance,rotor_unbalance,0.9984197616577148,0.9984197616577148,0.99609375
rotor_unbalance_60_20260820_145113.csv,7,rotor_unbalance,rotor_unbalance,rotor_unbalance,rotor_unbalance,0.9988144636154175,0.9988144636154175,0.99609375
rotor_unbalance_60_20260820_145113.csv,8,rotor_unbalance,rotor_unbalance,rotor_unbalance,rotor_unbalance,0.999933123588562,0.999933123588562,0.99609375
rotor_unbalance_60_20260820_145113.csv,9,rotor_unbalance,rotor_unbalance,rotor_unbalance,rotor_unbalance,0.9981628060340881,0.9981628060340881,0.99609375
rotor_unbalance_60_20260820_145113.csv,10,rotor_unbalance,rotor_unbalance,rotor_unbalance,rotor_unbalance,0.9972695708274841,0.9972695708274841,0.99609375
rotor_unbalance_60_20260820_145113.csv,11,rotor_unbalance,rotor_unbalance,rotor_unbalance,rotor_unbalance,0.9943643808364868,0.9943643808364868,0.99609375
rotor_unbalance_60_20260820_145113.csv,12,rotor_unbalance,rotor_unbalance,rotor_unbalance,rotor_unbalance,0.9960134029388428,0.9960134029388428,0.99609375
rotor_unbalance_60_20260820_145113.csv,13,rotor_unbalance,rotor_unbalance,rotor_unbalance,rotor_unbalance,0.9973379969596863,0.9973379969596863,0.99609375
rotor_unbalance_60_20260820_145113.csv,14,rotor_unbalance,rotor_unbalance,rotor_unbalance,rotor_unbalance,0.9988149404525757,0.9988149404525757,0.99609375
